Step,Loss,Gap,H_male,H_female
1,0.110245,0.332031,1.156250,0.824219
2,0.509606,0.713867,0.898438,0.184570
3,0.000977,0.031250,0.703125,0.671875
8,0.001236,0.035156,0.414062,0.449219
10,0.008789,0.093750,0.621094,0.527344
12,0.000244,0.015625,H_male_final,H_female_final
